,Player,Team,EV_xGF,EV_xGA,EV_TOI,Game_Id,xGF/60,xGA/60,xGF%
0,AARON EKBLAD,FLA,6.833567435154687,6.347949255839916,147.31666666666666,241107,2.7832156088422755,2.5854301754750195,51.8420421211716
1,ADAM FOX,NYR,4.612262018024918,5.0973640154697915,112.76666666666667,211008,2.454056054521091,2.712165305304648,47.501953238098736
2,ADAM LARSSON,SEA,7.397558260359795,9.514414555043908,200.18333333333334,271541,2.2172350126796485,2.8517102987393277,43.741545360231285
3,ADAM LOWRY,WPG,2.3408756137359865,1.9181943847797795,72.96666666666667,150865,1.9248862972703404,1.5773183611711297,54.96213057197353
4,ADAM PELECH,NYI,5.608414608519521,5.074312929005824,117.81666666666666,180801,2.8561737997836008,2.584174076166497,52.49983760063874
5,ADRIAN KEMPE,L.A,5.023271152807862,4.56466527841985,95.23333333333333,181101,3.164819067222314,2.8758829195504827,52.391577570822975
6,ALEC MARTINEZ,VGK,5.039368107914921,4.923762945691119,113.16666666666667,181106,2.6718299246677044,2.610537055152876,50.580164817675254
7,ALEKSANDER BARKOV,FLA,5.629384024417956,6.947830567252817,137.51666666666665,271221,2.456160766925784,3.031413167144606,44.75859088979845
8,ALEX IAFALLO,L.A,4.62770220916718,2.740872321650383,87.46666666666667,181101,3.1744908447030955,1.8801715621077322,62.80322184179256
9,ALEX KILLORN,T.B,4.175266292877493,3.7690270680468503,91.75,180741,2.7304193740888234,2.4647588455892206,52.55679899000718
10,ALEX NEWHOOK,COL,1.955314419232307,2.491148255299775,61.666666666666664,211078,1.9024680835773797,2.4238199240754565,43.97460548655279
11,ALEX PIETRANGELO,VGK,6.214712563436475,5.068917308235537,119.39999999999999,181106,3.1229711374052638,2.547194627254039,55.07724583415086
12,ALEX WENNBERG,SEA,5.787327379221093,8.495465772110032,134.73333333333332,271541,2.577236339089057,3.783235623403775,40.51957707363231
13,ALEXANDER EDLER,L.A,1.3441455932334057,3.3741305340081427,46.833333333333336,120730,1.7220370589467118,4.322729509761321,28.488065492242292
14,ALEXANDER KERFOOT,TOR,3.2312137009575936,4.464589789742601,96.6,241164,2.006965031650679,2.7730371364860877,41.986697098779544
15,ALEXANDER ROMANOV,NYI,3.147624078206716,3.3525054182391596,63.81666666666667,120538,2.9593749494761497,3.152003004873589,48.42402108954546
16,ALEXIS LAFRENIÈRE,NYR,4.498154768254605,4.144954263232646,88.5,211008,3.0495964530539696,2.8101384835475565,52.04324915800109
17,ANDERS LEE,NYI,3.86787722748704,3.5526313289883515,81.81666666666666,180801,2.8364958278576786,2.605311221095552,52.12415292091802
18,ANDREW COGLIANO,COL,1.1668249759823075,1.774487555027007,31.950000000000003,120618,2.191220612173347,3.3323709953558813,39.670214017750446
19,ANTHONY CIRELLI,T.B,4.0938679787795955,4.297961902571839,89.6,180741,2.741429450075622,2.8780994883293567,48.78397246680496
20,ANTHONY DUCLAIR,FLA,4.077681582071816,6.128213624120686,103.89999999999999,241107,2.354772809666111,3.5389106587799923,39.95417843990454
21,ANTON LUNDELL,FLA,4.625164093216878,3.3133942247368355,123.25,271221,2.25160118128205,1.6130113872958227,58.26201569567968
22,ANZE KOPITAR,L.A,5.591659573896319,4.709173981100318,99.75,181101,3.3634042549752294,2.8325858532934243,54.283563985789925
23,ARTEMI PANARIN,NYR,2.8116558918263737,6.579046790022401,105.66666666666667,211008,1.5965238502484138,3.7357363476467893,29.940846676585807
24,ARTHUR KALIYEV,L.A,0.2619449358899143,1.3677929376717646,18.833333333333332,60363,0.8345148400032669,4.3575704209011965,16.07282619734742
25,ARTTURI LEHKONEN,COL,5.469017903669734,4.928114436450412,112.96666666666667,211078,2.9047601730910357,2.617470045916418,52.60121468845838
26,AUSTON MATTHEWS,TOR,7.621543555054808,4.357857696944843,149.86666666666667,241164,3.0513297151020136,1.7446939178159957,63.622074214957856
27,AXEL JONSSON-FJALLBY,WPG,0.0224038641899824,0.0707419316750018,5.233333333333333,30174,0.25685958943928866,0.8110539937261353,24.052469552632346
28,BARCLAY GOODROW,NYR,2.0360595005331543,3.9013865844462976,68.31666666666666,211008,1.7881957067380716,3.426443450599334,34.29183981449493
29,BEN HUTTON,VGK,1.494742606533691,0.6597185512073334,13.983333333333333,30175,6.413675069751237,2.830735142248391,69.37895358025136
30,BEN MEYERS,COL,1.5114752394147206,1.468361988663672,33.016666666666666,180926,2.7467495516875284,2.668401392826461,50.72341620449603
31,BLAKE LIZOTTE,L.A,1.320156138855963,1.2883896087296296,27.53333333333333,90549,2.87685357135682,2.8076286873042777,50.60889348319337
32,BLAKE WHEELER,WPG,2.126609762199221,2.3152536931447667,79.48333333333332,150865,1.605325045904214,1.7477276777775552,47.87652262567201
33,BO HORVAT,NYI,4.318758366396647,3.5981288290931808,92.26666666666668,180801,2.8084411342174724,2.3398236605374727,54.55121766616809
34,BOWEN BYRAM,COL,6.653821648913431,7.101219205884259,143.75,211078,2.7772472969377797,2.9639871468038645,48.373696008271835
35,BRAD MARCHAND,BOS,4.308284268248823,4.855713614029806,104.53333333333333,210798,2.4728672458060843,2.787080518256904,47.01315215906147
36,BRADEN SCHNEIDER,NYR,3.621570198796687,6.484486349392679,102.7,211008,2.115815111273624,3.7884048779314576,35.83564154354094
37,BRADY SKJEI,CAR,5.292660591891032,6.763140749651933,149.31666666666666,241244,2.1267527771858146,2.7176366445749482,43.9013587064769
38,BRANDON CARLO,BOS,4.04249088815413,4.6441657687537345,117.81666666666666,210798,2.0587023903458577,2.365114834844171,46.53678679632666
39,BRANDON DUHAIME,MIN,1.6704137185588466,1.797738003428092,57.949999999999996,180981,1.7295051443232234,1.8613335669661009,48.164378391204
40,BRANDON HAGEL,T.B,3.9659529707860175,4.910020650131624,99.38333333333333,180741,2.3943368597735475,2.964292191929205,44.68189226520029
41,BRANDON MONTOUR,FLA,9.412207273067901,9.245739821461024,185.31666666666666,271221,3.047391508502963,2.99349432118533,50.446103343426486
42,BRANDON TANEV,SEA,2.7841705363243787,5.194621893577274,97.91666666666667,271541,1.706044924386002,3.1830874581920314,34.894635507627775
43,BRAYDEN MCNABB,VGK,2.9050491857342404,2.507734873564911,94.46666666666667,150931,1.8451265117578095,1.592774443336923,53.67014744922942
44,BRAYDEN PACHAL,VGK,1.4921756922267375,0.5239421385340388,11.75,30175,7.619620556051426,2.6754492180461553,74.01232554268266
45,BRAYDEN POINT,T.B,4.402820268413049,4.362015600316223,99.9,180741,2.6443364975453747,2.6198291893791126,50.23277485573009
46,BRENDAN SMITH,N.J,0.1858584680594499,0.2727391766384242,13.933333333333334,30142,0.8003474701124637,1.1744749233233576,40.527567075032444
47,BRENDEN DILLON,WPG,4.047445587348189,3.3467914396896923,99.38333333333333,150865,2.443535823319383,2.020534828590121,54.737839381510724
48,BRENT BURNS,CAR,9.343440598982848,5.5608018419006795,140.96666666666667,241244,3.9768723287228958,2.366858197072883,62.689805510362895
49,BRETT HOWDEN,VGK,2.6184250090736874,2.996012718183917,85.58333333333333,181106,1.8357020511519522,2.100417874481422,46.63735063551356
50,BRETT KULAK,EDM,4.926697350107129,2.448768059373831,98.91666666666667,211342,2.988392663923448,1.4853521505890128,66.79846052527063
51,BRETT PESCE,CAR,6.1960433479398445,6.671228725463147,150.58333333333334,241244,2.4688163865615316,2.658154223759527,48.15351158033908
52,BROCK FABER,MIN,3.506013682694172,3.1176437241956565,84.38333333333334,180981,2.4929190712421523,2.2167721523018686,52.93168814931868
53,BROCK NELSON,NYI,4.423341302201148,4.247650965640784,84.21666666666667,180801,3.151400888170222,3.026230650367469,51.013092453166784
54,CAL CLUTTERBUCK,NYI,1.201743446756153,2.738300480996257,58.13333333333333,180801,1.2403315390831853,2.826227560661274,30.500762651184072
55,CALE MAKAR,COL,7.142700469004916,4.865893047885035,118.3,180923,3.622671412851183,2.4679085619028074,59.47990877498508
56,CALLE JARNKROK,TOR,5.916505591943857,3.960052845999595,97.18333333333332,241164,3.652790281426494,2.4448962863314256,59.90452675512973
57,CARL GRUNDSTROM,L.A,1.1543330613058052,4.202218656660986,57.166666666666664,181101,1.211544903994431,4.410491884542143,21.549928425669343
58,CARSON SOUCY,SEA,5.885100737679747,5.147624351084229,110.85,271541,3.1854401827765884,2.7862648720347654,53.34222225543617
59,CARTER VERHAEGHE,FLA,7.567188207060095,5.979681963101024,144.68333333333334,271221,3.1381036223264993,2.479766739680185,55.85931002518861
60,CASEY CIZIKAS,NYI,2.047991793137042,3.2684137994074236,66.73333333333333,180801,1.8413512625607769,2.938633785681,38.522113437113816
61,CASEY FITZGERALD,FLA,0.087914139498025,0.2130082733929155,6.933333333333334,30114,0.7607954379636779,1.8433408274386918,29.214885874880515
62,CHANDLER STEPHENSON,VGK,2.986587487393988,2.5751970261335346,89.91666666666666,181106,1.9929036060460348,1.7183891184579656,53.698367495718855
63,CHARLIE COYLE,BOS,3.8635101947002086,4.616403553984125,105.46666666666667,210798,2.1979514381986016,2.626272565477694,45.56072513472954
64,CHARLIE MCAVOY,BOS,6.1002649774309194,7.155921724624928,141.16666666666666,210798,2.5927926704547,3.041477946711894,46.018248796125164
65,CHRIS KREIDER,NYR,3.405028303153811,3.418862392427398,92.08333333333334,211008,2.2186609758106277,2.2276750430296164,49.89863488520893
66,CODY CECI,EDM,5.0069162508007095,6.5583368291263415,124.88333333333333,211342,2.405564994379094,3.150942557701165,43.292751280046275
67,COLIN MILLER,DAL,3.882334381924009,2.7983707576058787,74.5,150949,3.1267122538985306,2.253721415521513,58.112643812883555
68,COLIN WHITE,FLA,2.862838689005,3.81568824057467,60.46666666666667,271221,2.840744013345645,3.786239709500775,42.86631946223477
69,CONNOR CLIFTON,BOS,1.465269832871853,2.737969841458833,43.95,90339,2.000368372521301,3.7378427869745154,34.86048730031507
70,CONNOR DEWAR,MIN,1.4724468924105154,1.8020320642972345,57.666666666666664,180981,1.5320256684040043,1.8749466564942325,44.96736463656965
71,CONNOR MCDAVID,EDM,7.169535433175039,7.4929422349669,140.29999999999998,211342,3.0660878545295964,3.2043943984177767,48.89716182656309
72,COREY PERRY,T.B,2.1173608363606022,1.18729459797032,56.63333333333333,180741,2.243231021453257,1.2578753833705567,64.0720607166506
73,CURTIS LAZAR,N.J,1.2239403502317139,1.1634262129664414,31.333333333333332,150800,2.3437155642734946,2.227837429084675,51.26738260889871
74,DAMON SEVERSON,N.J,6.112618988205209,5.845554899889971,147.21666666666667,271451,2.4912745791394486,2.38242925841774,51.11665916056426
75,DANIEL SPRONG,SEA,2.0092031704261872,2.431306332349775,58.8,271541,2.0502073167614157,2.480924828928342,45.247131419719835
76,DARNELL NURSE,EDM,6.4918368547223455,6.3485749408719085,140.31666666666666,211342,2.7759368900107426,2.7146774898608945,50.55785560514342
77,DARREN HELM,COL,0.004378861747682,0.3987308498471973,7.15,30152,0.03674569298754126,3.3459931455708865,1.0862704672525247
78,DARREN RADDYSH,T.B,4.295676288893443,5.916673483792689,135.4,180741,1.9035493156100927,2.621864173024825,42.06354447810458
79,DAVID GUSTAFSSON,WPG,0.3189869804773475,1.1414432141464195,24.816666666666666,90516,0.7712243987363674,2.7597015251357355,21.841987494617932
80,DAVID KAMPF,TOR,2.4215603128541243,4.498080156045032,91.26666666666667,241164,1.5919680654263781,2.957101636552614,34.995464341507464
81,DAVID KREJCI,BOS,2.0949758216738683,4.234984133858231,64.64999999999999,120456,1.944293105961827,3.9303797065969666,33.09619391577595
82,DAVID PASTRNAK,BOS,4.562306722626086,5.415412899106738,110.05000000000001,210798,2.487400303112813,2.952519527000493,45.72494413141019
83,DAWSON MERCER,N.J,5.081117178371638,4.053876055637372,109.33333333333334,271451,2.7884179637405326,2.2246880793131916,55.62256093912534
84,DENIS MALGIN,COL,1.8454826134257003,1.79477140191011,53.38333333333333,211078,2.0742233557079364,2.017226677139056,50.6965339685356
85,DEREK FORBORT,BOS,2.959664560970847,4.907186509459277,92.25,210798,1.9249850803062418,3.1916660224125377,37.621972686067714
86,DEREK RYAN,EDM,3.8362537617795143,0.9827965813456092,62.45,181101,3.6857522130787963,0.9442401101799288,79.60601132238281
87,DEREK STEPAN,CAR,3.1179411978227987,1.6031824628589657,70.71666666666667,211110,2.645436792873456,1.3602302300948093,66.04235393767563
88,DEVON TOEWS,COL,7.011193546699355,5.67616973968688,135.6,211078,3.1022980295129887,2.511579530834903,55.261234256785954
89,DMITRY ORLOV,BOS,5.581977837719018,7.573708829004314,134.55,210798,2.4891762932972203,3.377350648385424,42.43015191170795
90,DOUGIE HAMILTON,N.J,9.857758770580398,6.194274291512553,158.46666666666667,271451,3.7324286468331334,2.3453289282125778,61.4112787610661
91,DREW DOUGHTY,L.A,6.371767337142952,6.586987626273181,133.51666666666665,181101,2.8633581842110383,2.9600743296197045,49.16959503541112
92,DYLAN DEMELO,WPG,3.4608493263367532,6.38759764190763,110.21666666666667,150865,1.8840250377759429,3.4772949509855535,35.14106678439774
93,DYLAN SAMBERG,WPG,2.213058232329784,2.303665245417504,69.13333333333333,150865,1.9206869904501502,1.9993237424067059,48.99698295087006
94,EELI TOLVANEN,SEA,6.60047656204551,7.266542725963514,137.0,271541,2.890719662209712,3.182427471224896,47.59838019229569
95,EETU LUOSTARINEN,FLA,5.2503353692591155,4.28902367316186,122.01666666666668,271221,2.5817794467057524,2.109067780819928,55.03865978742575
96,ERIC STAAL,FLA,2.817604226875117,4.906950794393193,78.63333333333334,271221,2.1499311608203517,3.744176104242368,36.47594222731666
97,ERIK CERNAK,T.B,0.0181661995593457,0.2350020632147785,8.45,30121,0.12899076610186297,1.6686537033002027,7.1755437906344195
98,ERIK GUSTAFSSON,TOR,0.3012030255049464,0.4491335325874386,6.033333333333333,30126,2.9953892039165937,4.4665213185491135,40.14238973917366
99,ERIK HAULA,N.J,5.66136537614511,5.05731113022193,124.56666666666666,271451,2.7269086639179014,2.43595398298086,52.81776507372139
100,ERIK JOHNSON,COL,3.935013917973263,2.990681024733928,85.68333333333334,211078,2.7555047859762194,2.0942329681077885,56.817603872617326
101,ESA LINDELL,DAL,3.7858691817382315,5.594892931054342,140.93333333333334,241444,1.611770228743807,2.381931711423324,40.35779967786871
102,EVAN BOUCHARD,EDM,7.849864034214983,8.346254067844708,135.8,211342,3.46827571467525,3.6875938444085596,48.46756478774195
103,EVAN RODRIGUES,COL,6.005675525986585,5.739667119225484,123.55,211078,2.9165563056187382,2.787373752760251,51.13239951696742
104,EVANDER KANE,EDM,5.951315424172202,6.999340765643861,132.15,211342,2.7020728373086045,3.177907271574965,45.95377513652247
105,EVGENY DADONOV,DAL,6.828829499892887,4.538021358312103,121.86666666666666,241444,3.362115180472428,2.2342555921667904,60.076705369663564
106,FILIP CHYTIL,NYR,3.335738518740979,5.524366701021788,92.8,211008,2.156727490565288,3.571788815315811,37.64897183501276
107,FREDERICK GAUDREAU,MIN,3.4351371959783106,2.7329771696822682,83.65,180981,2.463935824969499,1.9602944432867433,55.6918531715717
108,GABRIEL VILARDI,L.A,3.0153976067667814,3.026444416260344,73.01666666666667,150920,2.477843274220592,2.4869207711794656,49.90858078172633
109,GARNET HATHAWAY,BOS,2.2939797673607227,3.6262993557611463,61.483333333333334,210798,2.2386357176737874,3.538812057668779,38.7478313041272
110,GIVANI SMITH,FLA,0.7632386386394497,0.380547768436372,5.416666666666667,30111,8.454335689544674,4.215298358064428,66.72912301788307
111,GUSTAV FORSLING,FLA,9.081146752228955,8.316189802251749,188.88333333333333,271221,2.884684400249205,2.6416909280954997,52.19848868124642
112,GUSTAV NYQUIST,MIN,3.272352310013955,4.481847151881081,84.93333333333334,180981,2.3117088532280685,3.1661400601985656,42.20103346702189
113,HAMPUS LINDHOLM,BOS,6.113399396999735,3.4407240671571317,130.1,210798,2.8194001830898086,1.5868058726320362,63.98702528740275
114,HAYDN FLEURY,T.B,0.2021178265567865,0.8349468060769135,13.883333333333333,30122,0.8734984100893535,3.6084135676793383,19.48941466102202
115,HUDSON FASCHING,NYI,3.3137910199584417,2.916552167385815,69.58333333333333,180801,2.8574006399641654,2.514871329961421,53.18793716997436
116,IAN COLE,T.B,3.8959115319885282,3.568306191824374,89.13333333333333,180741,2.6225283311815075,2.402001176246774,52.19450552144937
117,IVAN BARBASHEV,VGK,5.236268845852462,2.2180262752808604,77.13333333333334,181106,4.073156405589641,1.725344552941032,70.2449897778713
118,J.T. COMPHER,COL,3.6794601131696227,4.3532907709013635,117.83333333333333,211078,1.8735581905814203,2.216668567927144,45.80572914897715
119,JACCOB SLAVIN,CAR,10.12945516238687,5.713335363427173,151.51666666666668,241244,4.011224132063879,2.2624581793353666,63.93731676172871
120,JACK DRURY,CAR,1.6841071392991565,3.957514500943942,59.6,180973,1.6954098717776742,3.984075000950277,29.85147262067344
121,JACK EICHEL,VGK,4.977932611247522,2.761655810754744,99.28333333333333,181106,3.008319187592929,1.6689543257876578,64.31779495013133
122,JACK HUGHES,N.J,7.118763064849187,4.538888115435835,156.9,271451,2.7222803307262664,1.7357124724420019,61.06515759270761
123,JACK JOHNSON,COL,0.5330433435738079,1.643299693241714,40.71666666666667,90468,0.7854916237681983,2.4215631992100572,24.492616033259623
124,JACOB TROUBA,NYR,4.165547675103877,5.556409981567409,128.29999999999998,211008,1.9480347662216106,2.5984769983947356,42.84679919630636
125,JADEN SCHWARTZ,SEA,4.72734068636782,7.0764235899550805,145.78333333333333,271541,1.9456300984250774,2.9124413997757275,40.04943317828164
126,JAKE DEBRUSK,BOS,5.2744731975253645,3.748206412419674,91.31666666666666,210798,3.465614803995494,2.4627747918800558,58.4579462592432
127,JAKE MCCABE,TOR,6.786593222757798,7.006459821481253,165.33333333333334,241164,2.462876572775007,2.5426668706988416,49.20298066708557
128,JAKE MIDDLETON,MIN,3.4336365662747963,3.844617540016767,110.19999999999999,180981,1.8694935932530652,2.0932581887568604,47.17665137998751
129,JAKUB LAUKO,BOS,0.3260278310626743,0.2522530429996548,20.0,90342,0.9780834931880229,0.7567591289989644,56.378802358165814
130,JALEN CHATFIELD,CAR,3.7004916562000263,4.516340861446221,107.05,241244,2.0740728572816587,2.5313447144957797,45.035500580703705
131,JAMIE BENN,DAL,5.978894321247932,4.383623129804614,116.46666666666667,241444,3.080140176945128,2.258306134415657,57.697314860884894
132,JAMIE OLEKSIAK,SEA,5.689586576423603,8.291951076826075,164.23333333333332,271541,2.0785987086589173,3.0293306146309997,40.69356831507866
133,JANI HAKANPÄÄ,DAL,4.810813859570768,4.737197012989777,137.75,241444,2.095454312698701,2.063388898579939,50.38550881206343
134,JARED MCCANN,SEA,1.4511123842094085,2.0301702870056024,37.2,120610,2.3405038454990454,3.2744682048477456,41.683267957753976
135,JARED SPURGEON,MIN,3.7586618044879256,3.86285943817347,108.28333333333333,180981,2.0826816216956336,2.140417727785823,49.31642496052954
136,JARET ANDERSON-DOLAN,L.A,0.7561476244591171,2.0885179527103883,27.833333333333332,120733,1.6300188311693542,4.502194389076286,26.581248443674628
137,JASON ROBERTSON,DAL,5.49520833312999,3.715571212233041,122.36666666666667,241444,2.6944633613821796,1.8218545851319732,59.660621623458944
138,JEAN-GABRIEL PAGEAU,NYI,2.7510782752651703,4.506927237380294,76.66666666666666,180801,2.1530177806423074,3.527160446645448,37.904053261905446
139,JESPER BOQVIST,N.J,2.238454721868037,3.6613450162112695,56.28333333333333,180940,2.3862709501702497,3.9031217229376876,37.94119836679018
140,JESPER BRATT,N.J,7.74016316758934,5.159346792381253,137.51666666666665,271451,3.3771163984149344,2.2510784695882333,60.00354425562213
141,JESPER FAST,CAR,7.027973151998591,3.856175917899233,110.01666666666667,241244,3.8328591648530415,2.1030500385452564,64.57071753487631
142,JESPER FRODEN,SEA,0.4169448260217904,0.2436579242348669,4.15,30153,6.028117966580101,3.5227651696607256,63.11581746515573
143,JESPERI KOTKANIEMI,CAR,5.32744536263635,4.946308630984272,119.45,241244,2.6759876245975804,2.4845417987363443,51.85490489595498
144,JESSE PULJUJARVI,CAR,2.565443262457845,1.3713382108835488,59.900000000000006,180981,2.5697261393567725,1.3736275902005495,65.16600628788248
145,JIMMY VESEY,NYR,2.012137739802709,3.050393142097162,61.06666666666666,211008,1.976991229063797,2.9971111658159892,39.74568820896935
146,JOE PAVELSKI,DAL,1.8082635276950882,2.2272869579028325,39.38333333333333,90624,2.7548661446052973,3.3932429320567907,44.80834855488544
147,JOEL HANLEY,DAL,2.0022928311955175,0.6916163618443522,32.06666666666667,90495,3.746493862943795,1.294084668731636,74.3266638819434
148,JOEL KIVIRANTA,DAL,0.39596259070094597,1.4635003213770676,45.31666666666666,150820,0.5242608777210025,1.937698108480119,21.29446025134452
149,JOHN KLINGBERG,MIN,2.1261405722470936,1.9343785868259133,52.483333333333334,120658,2.430646573543835,2.2114204231734798,52.36129886239669
150,JOHN MARINO,N.J,7.880104219191702,6.525543096009638,162.66666666666666,271451,2.9065958185543166,2.4069626173806045,54.70149342665318
151,JOHN TAVARES,TOR,6.154579097637903,5.956908307503904,117.53333333333333,241164,3.141872483195753,3.040962834233417,50.816046714667266
152,JON MERRILL,MIN,1.033864874392747,0.9935152720427128,30.766666666666666,60323,2.0162045221093656,1.937516240169971,50.99511683640034
153,JONAS BRODIN,MIN,4.873584542074237,5.190392745542336,126.83333333333333,180981,2.3055064850811107,2.4553763316626034,48.426028823326526
154,JONAS SIEGENTHALER,N.J,8.651488069677722,5.643104066955852,153.71666666666667,241309,3.3769225903545266,2.2026644953964074,60.52280461718146
155,JONATHAN MARCHESSAULT,VGK,6.327334993751717,2.602970508392898,91.38333333333333,181106,4.154369136878749,1.70904501736539,70.85239124498267
156,JORDAN EBERLE,SEA,5.057030566735189,4.760832931031469,141.15,271541,2.14964104855906,2.023733445709445,51.50846279219047
157,JORDAN MARTINOOK,CAR,7.05836266482947,3.726948604220521,119.83333333333333,241244,3.5340897904570365,1.86606606052766,65.44421842589246
158,JORDAN STAAL,CAR,5.071445603854951,5.63475011149421,111.85,241244,2.7204893717594727,3.0226643423303763,47.36925924662639
159,JOSH MAHURA,FLA,4.280476594110947,3.2994161755777864,92.21666666666667,271221,2.7850561609975437,2.1467374357636055,56.47146634089817
160,JOSH MANSON,COL,2.2070553326047944,2.231151357991619,54.833333333333336,150765,2.4150149536101093,2.4413814251580024,49.72853871995328
161,JOSH MORRISSEY,WPG,1.9191394427325563,1.1402800828218451,40.766666666666666,60343,2.8245715428606717,1.6782535969577441,62.728874765378464
162,JUSTIN HOLL,TOR,2.003011198015882,4.2896126206032905,74.9,150615,1.604548356221,3.4362717922055728,31.83109710275696
163,JUSTIN SCHULTZ,SEA,4.544078586623069,3.9900892218574846,116.01666666666667,271541,2.350047825289908,2.063542766655214,53.24571403561502
164,K'ANDRE MILLER,NYR,4.546792417648245,7.330819956143383,138.58333333333331,211008,1.9685451236961735,3.1738967940007434,38.28035698219032
165,KAAPO KAKKO,NYR,3.518639776157212,4.30385482450947,89.51666666666667,211008,2.358425469031086,2.8847286107306074,44.98104448493108
166,KAILER YAMAMOTO,EDM,4.384853844065216,5.3942054581711965,97.58333333333333,211342,2.6960672653517976,3.316676285126611,44.83921928014514
167,KARSON KUHLMAN,WPG,0.7894668490625913,2.033602317562327,10.25,30175,4.621269360366388,11.904013566218499,27.964842604491608
168,KEEGAN KOLESAR,VGK,2.025890403194351,2.454918530536813,62.833333333333336,181106,1.9345372550396986,2.344219286454251,45.21260408904324
169,KEVIN BAHL,N.J,4.834531834872902,5.858271670294922,120.0,271451,2.417265917436451,2.929135835147461,45.2129493685765
170,KEVIN FIALA,L.A,1.6655051050474858,2.3809818248264474,47.983333333333334,90555,2.0826045078745916,2.9772610522317504,41.1592854224139
171,KEVIN STENLUND,WPG,1.4187449037563042,3.1143323823343954,55.93333333333334,150865,1.5218956059364406,3.3407617927305786,31.297611185884318
172,KIRILL KAPRIZOV,MIN,4.841596946935166,3.576119913836007,109.36666666666666,180981,2.656164128157055,1.9619066884805891,57.51674743894406
173,KLIM KOSTIN,EDM,2.978656862396744,1.9986440369393659,55.99999999999999,211342,3.1914180668536547,2.1414043252921777,59.84482197558214
174,KYLE CAPOBIANCO,WPG,0.2654849928803738,2.1516884341835976,13.033333333333331,30175,1.2221815529019768,9.905471052507611,10.983282784257899
175,KYLE CONNOR,WPG,4.499943083385002,4.496997678419572,98.76666666666667,150865,2.733681252140737,2.7318919409906277,50.016368924968
176,KYLE PALMIERI,NYI,4.319329424877648,4.693877056939524,85.28333333333333,180801,3.0388090540472024,3.3023172571784807,47.92222871617626
177,LARS ELLER,COL,3.4220652128569755,2.6814461136236765,89.5,211078,2.2941219304069107,1.7976175063398947,56.06715593383152
178,LEON DRAISAITL,EDM,7.299190530553455,7.977576744451649,136.83333333333334,211342,3.2006194774655827,3.4980848087729517,47.779680079933776
179,LOGAN O'CONNOR,COL,2.621545349247752,3.9444613473024197,75.93333333333334,211078,2.0714581337339566,3.1167824517753973,39.926023082265985
180,LOGAN STANLEY,WPG,0.2806871691718695,0.4820104604586956,8.966666666666667,30174,1.8782041059827697,3.225348806043316,36.80189347223074
181,LUKE GLENDENING,DAL,1.5911184496944757,1.5282092564739271,65.85000000000001,241444,1.4497662411794765,1.3924457917757875,51.00837743171625
182,LUKE SCHENN,TOR,7.490270936628799,4.215686633717264,131.58333333333334,241164,3.4154496987794394,1.9222890286741166,63.98682800289156
183,MACKENZIE MACEACHERN,CAR,3.2109618834219864,1.6265493148239316,37.8,90405,5.096764894320613,2.581824309244336,66.37631938890975
184,MARC STAAL,FLA,6.876190129434685,8.72382386005483,161.08333333333334,271221,2.5612296395204206,3.2494325810861238,44.07810232777681
185,MARCUS FOLIGNO,MIN,2.941851139650678,3.8005174652207616,71.75,150816,2.460084576711368,3.1781330719616125,43.63230953474061
186,MARCUS JOHANSSON,MIN,2.646984473802147,2.644822302390819,79.83333333333334,180981,1.9893829030663315,1.9877578890619931,50.02042942517342
187,MARK GIORDANO,TOR,4.869686889695,7.909279539133417,113.01666666666667,241164,2.585293143032296,4.198998133148547,38.10704814678393
188,MARK SCHEIFELE,WPG,2.8090036399662477,2.4159368730615807,58.88333333333333,120690,2.8622737344688627,2.4617528284805235,53.76144729231459
189,MARK STONE,VGK,2.948529871180652,2.7861772226169674,94.78333333333333,181106,1.866486290882776,1.7637133816460493,51.41552694765594
190,MARTIN NECAS,CAR,3.5961996316327682,7.0928822582354725,112.98333333333333,241244,1.9097682067971626,3.7666877311768254,33.64367182032223
191,MASON APPLETON,WPG,2.9346128636971094,2.5475097787566465,79.48333333333333,150865,2.2152665777541607,1.9230520451926876,53.53059490080285
192,MASON MARCHMENT,DAL,4.395887566148301,4.93725860980339,114.21666666666667,241444,2.309236135726526,2.593627753581235,47.09973982272979
193,MATHEW BARZAL,NYI,3.7061459023971084,4.456696844834366,82.03333333333333,180801,2.710712159412757,3.259672621171011,45.40263750216298
194,MATS ZUCCARELLO,MIN,3.933422168716785,3.8489735246403116,98.46666666666667,180981,2.396804300504473,2.3453460881355994,50.54256200406616
195,MATT BOLDY,MIN,2.929272469948043,3.373368349974042,94.38333333333333,180981,1.8621544926386993,2.1444686667678883,46.47690632613673
196,MATT DUMBA,MIN,4.392094138311219,5.30027469422202,121.14999999999999,180981,2.175201389176006,2.624981276544129,45.31497113036795
197,MATT GRZELCYK,BOS,2.4384697321802355,1.6188852260820554,50.516666666666666,120459,2.8962359075713784,1.9227934061020784,60.09998526785535
198,MATT MARTIN,NYI,1.8650013762526196,2.9117927389452216,61.05,180801,1.83292518550626,2.8617127655481296,39.042950800808725
199,MATT NIETO,COL,2.285655518528072,3.6331852683797456,70.48333333333333,211078,1.9456987152284364,3.09280372810761,38.61660755571984
200,MATT ROY,L.A,7.335876102908511,5.305472567444664,118.71666666666667,181101,3.707588652319337,2.6814125007441794,58.03080267940716
201,MATTHEW KNIES,TOR,4.518427756149318,3.331308265449477,86.75,211043,3.1251373529563007,2.3040748810025202,57.56152491901284
202,MATTHEW TKACHUK,FLA,7.8010797209572,5.2815576033899525,153.33333333333334,271221,3.0525964125484695,2.066696453500416,59.629259204787196
203,MATTIAS EKHOLM,EDM,7.066126340301703,7.438628197181966,134.4,211342,3.1545206876346885,3.3208161594562347,48.715931883171024
204,MATTIAS JANMARK,EDM,0.8388389607425775,0.41988934506662146,15.3,60422,3.289564551931676,1.6466248826142016,66.64178098412691
205,MATTY BENIERS,SEA,4.9756468015257225,4.231361881596964,134.6,271541,2.2179703424334574,1.8861940036836393,54.04194752902266
206,MAX DOMI,DAL,4.219314484973435,4.68978923023678,108.55,241444,2.3321867259180666,2.5922372530097357,47.359584306667585
207,MICHAEL AMADIO,VGK,3.1228453947696813,2.5193535145372126,79.31666666666666,181106,2.362312128844474,1.9057937912027663,55.348020248249306
208,MICHAEL BUNTING,TOR,2.461296854540704,1.337126616039312,51.25,120670,2.8815182687305803,1.5654165260948043,64.79785294094305
209,MICHAEL EYSSIMONT,T.B,0.9252834212966252,0.7276188847608858,30.616666666666667,90372,1.813293585556805,1.4259270468912295,55.97931698114715
210,MICHAEL MCLEOD,N.J,4.384315327974034,3.8309851271333137,106.41666666666667,271451,2.4719710541435425,2.159991614358642,53.367680852723545
211,MIKA ZIBANEJAD,NYR,3.092210320755837,3.0353349421638978,93.06666666666666,211008,1.9935453357308406,1.9568778280426276,50.46409594830833
212,MIKEY ANDERSON,L.A,5.956305817642711,6.42301769694313,123.78333333333333,181101,2.8871281733558316,3.113351785242395,48.11495402494926
213,MIKHAIL SERGACHEV,T.B,4.18478041165508,5.689691276289519,132.51666666666665,180741,1.894756569231328,2.576139931410171,42.37979047288306
214,MIKKO RANTANEN,COL,7.276996122207488,4.718428188352842,123.03333333333333,211078,3.548792473577209,2.301048696568712,60.664766279264406
215,MILES WOOD,N.J,2.074728992185554,2.381734502734614,46.18333333333333,150873,2.6954256123666527,3.094277953751213,46.55550291280284
216,MIRO HEISKANEN,DAL,7.927617087727406,7.1798173442948565,194.2,241444,2.4493152691227826,2.218275183613241,52.47493956302562
217,MITCHELL MARNER,TOR,7.08161268034018,4.5669977266807065,144.28333333333333,241164,2.944877630729427,1.8991789090967475,60.79362630303036
218,MORGAN BARRON,WPG,2.1287591112777573,2.187630640109999,61.0,150865,2.0938614209289415,2.1517678427311466,49.318046652143565
219,MORGAN GEEKIE,SEA,3.7793754106387465,5.548881596419958,92.3,241388,2.456798750144364,3.607073627141901,40.51534394666537
220,MORGAN RIELLY,TOR,8.375479884212831,5.791385724442075,168.35,241164,2.985024015757469,2.064051936243092,59.12020425390379
221,NATE SCHMIDT,WPG,2.862198361195621,4.387571936706079,101.6,150865,1.6902746227533196,2.591085789393354,39.479848927407076
222,NATHAN BASTIAN,N.J,2.644420997472478,3.4073989827884335,75.01666666666667,271451,2.1150667831372854,2.72531356099497,43.69629311674386
223,NATHAN MACKINNON,COL,8.393052002997132,6.070023227832277,140.81666666666666,211078,3.576161345814851,2.586351475937531,58.03089501399087
224,NEAL PIONK,WPG,4.294582017697391,4.5927535563241655,116.08333333333334,150865,2.2197408849548608,2.3738568273893743,48.32249195417829
225,NICHOLAS PAUL,T.B,3.8572306784335497,3.6426754519343354,88.25,180741,2.622479781371252,2.476606539558755,51.43038607930344
226,NICK BJUGSTAD,EDM,3.5556554577779003,4.225013507297259,91.48333333333333,211342,2.3320021220623866,2.7710053973893483,45.69858290769158
227,NICK COUSINS,FLA,4.545008987770412,4.934241934679445,111.19999999999999,271221,2.4523429790128124,2.662360756122003,47.94692138601793
228,NICK FOLIGNO,BOS,1.6766429877607132,2.4585675662383424,61.5,180681,1.6357492563519154,2.3986025036471634,40.545528839862214
229,NICK PERBIX,T.B,6.916430208599191,4.735331173753362,111.73333333333332,180741,3.714073501037752,2.542838935786412,59.359524981987974
230,NICO HISCHIER,N.J,7.145482491003344,4.866727012209592,129.98333333333335,271451,3.2983378596758604,2.2464697068796675,59.48516373355063
231,NICOLAS HAGUE,VGK,4.172211005119604,3.4782220027409463,110.88333333333333,181106,2.2576220680039945,1.8820981827547583,54.53561910590948
232,NICOLAS ROY,VGK,3.204900257056577,3.019598576473069,76.96666666666667,181106,2.498406436856578,2.3539529829586505,51.48848674840567
233,NIKITA KUCHEROV,T.B,4.247624877607446,4.211856331676242,98.93333333333334,180741,2.5760528233468336,2.554360308968071,50.2114109899077
234,NIKO MIKKOLA,NYR,4.415151733206582,4.476553164306093,97.06666666666666,211008,2.72914598893264,2.767100170244151,49.65472633309791
235,NIKOLAJ EHLERS,WPG,0.6232182444073255,0.8106539128348229,21.166666666666668,30175,1.766602897532576,2.2979166033113088,43.46400348591734
236,NINO NIEDERREITER,WPG,2.3633260575588766,3.5985689375083867,80.0,150865,1.7724945431691572,2.69892670313129,39.64051798151827
237,NOAH DOBSON,NYI,4.825853590620678,4.319594101223626,98.86666666666666,180801,2.928704134564134,2.621466413419598,52.76782234427147
238,NOEL ACCIARI,TOR,3.445142493117598,4.660953586571846,110.2,241164,1.8757581632219225,2.5377242758104424,42.50063728888822
239,OLIVER BJORKSTRAND,SEA,6.581776962499131,7.005252219969402,144.28333333333333,271541,2.737021724037989,2.9131232519221264,48.4416193864635
240,ONDREJ PALAT,N.J,5.7623973084846485,4.9483881383202935,126.01666666666667,271451,2.7436358035371953,2.356063655330387,53.799950872917435
241,OSKAR SUNDQVIST,MIN,0.5357248303480444,0.3897768273018298,10.683333333333334,30162,3.0087509972745083,2.1890742250960797,57.8848050589569
242,PAT MAROON,T.B,2.764459174359216,1.4492621964309351,58.93333333333333,180741,2.8144946345286135,1.4754931864115854,65.60612178875103
243,PATRICE BERGERON,BOS,1.4989232220686954,1.1905030633788547,41.483333333333334,90348,2.1679885895730426,1.7219007746741168,55.73393962048148
244,PATRICK KANE,NYR,4.230301028583197,4.9413989856839144,97.58333333333333,211008,2.601039061127158,3.038264107337676,46.12341247536136
245,PAUL STASTNY,CAR,3.381406206521203,2.2367803672095743,75.75,241244,2.6783415497197645,1.771707221552138,60.18679091811947
246,PAVEL ZACHA,BOS,5.908495744573879,3.7433174848556496,97.60000000000001,210798,3.632271974123286,2.3012197652801123,61.21643264457472
247,PHIL KESSEL,VGK,1.9003518547397091,2.0413352625910175,45.266666666666666,120690,2.5188758015695702,2.705746297985148,48.211636240336844
248,PHILIP BROBERG,EDM,1.713169972877948,1.5121634554816397,39.11666666666667,181161,2.6277852161740998,2.3194667404064346,53.11605794968213
249,PHILLIP DANAULT,L.A,5.612626544432711,4.871704858262088,104.55,181101,3.221019537694526,2.795813405028458,53.53347131883004
250,PIERRE ENGVALL,NYI,4.1224173462251175,4.719211211660874,81.89999999999999,180801,3.020085967930489,3.457297590960348,46.6250908329356
251,PIERRE-EDOUARD BELLEMARE,T.B,1.9553791754879044,1.4605220218654704,53.18333333333333,180741,2.2060059641981997,1.6477214912929155,57.243434821912395
252,PIERRE-LUC DUBOIS,WPG,4.4133602296933505,4.378864711616186,92.25,150865,2.8704781981745366,2.8480420888560554,50.19617058428004
253,QUINTON BYFIELD,L.A,4.1771085049840595,5.191127088153732,87.25,181101,2.872510146693909,3.5698295162088702,44.587995930031695
254,RADEK FAKSA,DAL,2.030907356995156,2.530990446801295,89.75,241444,1.357709653701497,1.6920270396443198,44.518913933254204
255,RADKO GUDAS,FLA,4.220144880237054,6.191057438496495,132.26666666666665,271221,1.9143802380107606,2.808443394479257,40.534654413962116
256,RASMUS KUPARI,L.A,0.8919539953349152,3.5562947012949713,41.5,181101,1.28957204144807,5.141630893438513,20.051801420426056
257,REILLY SMITH,VGK,3.579063409706576,3.249330076156182,79.11666666666667,181106,2.714267595311496,2.4642065039313783,52.41442832954092
258,ROOPE HINTZ,DAL,5.8523029797943265,3.8056585962185605,118.01666666666668,241444,2.975327033930175,1.9348073642687214,60.595633289010685
259,ROSS COLTON,T.B,3.3286571421194795,3.1638795975595695,73.28333333333333,180741,2.725304915085314,2.590394940007835,51.26897660472889
260,RYAN DONATO,SEA,2.3433106942102286,2.93923539901152,77.38333333333333,271541,1.816911156398196,2.2789677873016307,44.35949356347362
261,RYAN GRAVES,N.J,6.37509403401054,5.4146370892412925,144.58333333333331,271451,2.645572163969792,2.246996371327799,54.07327756133057
262,RYAN HARTMAN,MIN,3.2271223579300545,2.6209872766630706,80.81666666666666,150819,2.3958837881105786,1.9458763035650761,55.182316330746715
263,RYAN LINDGREN,NYR,4.471109312493351,6.597347732225897,116.63333333333333,211008,2.300084813514728,3.393891374108778,40.39505501470518
264,RYAN LOMBERG,FLA,1.726245326804927,2.127425515092908,45.900000000000006,120450,2.2565298389606885,2.780948385742363,44.79483063360946
265,RYAN MCLEOD,EDM,3.9174631242640285,2.259010247071272,86.38333333333333,211342,2.720985384401023,1.5690597895922398,63.425564861086855
266,RYAN NUGENT-HOPKINS,EDM,4.3899643169715965,5.659485535987184,104.31666666666666,211342,2.5249834703782947,3.255176214979048,43.68362827024898
267,RYAN O'REILLY,TOR,4.110466342419382,6.386105102836151,121.94999999999999,241164,2.0223696641669777,3.1419951305466918,39.160085403670735
268,RYAN PULOCK,NYI,5.600676351808939,6.740300825797018,128.01666666666665,180801,2.624975246258584,3.1591046703384023,45.38276241181269
269,RYAN REAVES,MIN,1.2341717863455404,1.226126640918663,51.199999999999996,180981,1.44629506212368,1.4368671573265583,50.16349938157346
270,RYAN SUTER,DAL,6.992043931037181,5.538753221044312,169.73333333333332,241444,2.4716573204766155,1.9579253334406443,55.79887573134747
271,SAKU MAENALANEN,WPG,0.3041187010239803,2.195124843390657,34.28333333333333,150865,0.5322446882286481,3.841735263104699,12.168429991692134
272,SAM BENNETT,FLA,6.277611920842897,5.901576754986305,129.31666666666666,241110,2.912669534093882,2.7381977468682432,51.54376114807578
273,SAM LAFFERTY,TOR,2.322581544052808,3.4188536875881232,58.9,180827,2.3659574302745074,3.482703247118631,40.45297822490636
274,SAM REINHART,FLA,5.154314457555298,4.548005501041184,136.2,271221,2.2706231090551974,2.0035266524410504,53.12455659626494
275,SAM STEEL,MIN,2.30523731803987,3.511673755478112,68.43333333333334,150818,2.0211530309165933,3.078915129011496,39.62992194490772
276,SAMUEL BOLDUC,NYI,0.8865117612294846,1.2278577331453555,13.983333333333334,60263,3.8038645297093496,5.26851947475957,41.92794890334915
277,SAMUEL GIRARD,COL,4.2140016844496095,5.333749602548773,128.66666666666666,211078,1.9650785057018905,2.4872407473025366,44.13606468978734
278,SCOTT MAYFIELD,NYI,2.7181090483209087,4.73734341486124,103.89999999999999,180801,1.5696491135635662,2.7357132328361344,36.45800253900031
279,SEAN DURZI,L.A,2.2988424191717045,5.474140586331483,86.61666666666667,181101,1.5924249969247903,3.7919773159117445,29.57477737368201
280,SEAN WALKER,L.A,0.620765323285013,1.329113213345408,26.900000000000002,60371,1.3846066690372034,2.964564788131021,31.836102178844207
281,SEBASTIAN AHO,CAR,5.934718780219552,4.424558163387697,103.15,241244,3.452090419904732,2.5736644673122813,57.28892868224641
282,SEBASTIAN AHO,NYI,2.8486437194514993,4.215071997197808,79.03333333333333,180801,2.162614380013791,3.199970305759618,40.32783642095327
283,SETH JARVIS,CAR,5.958072027191518,4.283794270479118,105.91666666666666,241244,3.3751470177638816,2.426696990357958,58.173694657062605
284,SHAYNE GOSTISBEHERE,CAR,4.755931112566028,4.916922175791112,114.71666666666667,241244,2.487483946714761,2.571686740207468,49.16782019521136
285,SHEA THEODORE,VGK,4.138058790238572,2.4312042307574275,96.71666666666667,150931,2.567122461633441,1.5082431898546853,62.99121799527491
286,STEFAN NOESEN,CAR,3.9350456679821915,5.336651071440424,100.9,241244,2.3399676915652274,3.173429774890242,42.44148378204227
287,STEVEN STAMKOS,T.B,4.35270807216875,4.001582505181429,91.60000000000001,180741,2.851118824564683,2.621123911690892,52.10146848338791
288,TANNER JEANNOT,T.B,2.0645450414158395,2.0983586679212736,39.6,90369,3.1280985475997567,3.1793313150322327,49.59386970169893
289,TAYLOR HALL,BOS,3.650635825819333,3.236270349356343,91.6,210798,2.3912461741174673,2.119827739753063,53.00835720658282
290,TEUVO TERAVAINEN,CAR,0.8628039541654282,0.8344309312524267,21.733333333333334,60263,2.381974106591673,2.303643675236761,50.83586023233361
291,THOMAS HARLEY,DAL,7.74153704452328,3.7594390715239534,119.85000000000001,241444,3.8756130385598397,1.8820721259193756,67.31200001121267
292,TIMO MEIER,N.J,7.561082080996125,4.4143716436810765,111.98333333333333,241230,4.051182540792685,2.365193915352266,63.13816791271459
293,TIMOTHY LILJEGREN,TOR,1.4360279068350779,2.000608214992097,37.68333333333334,90549,2.28646637090061,3.185400076944515,41.78585849442731
294,TJ BRODIE,TOR,7.696336325956505,5.538713361602272,156.68333333333334,241164,2.9472195270123835,2.1209837359608743,58.151170623796155
295,TOMAS NOSEK,BOS,2.2508488489547718,3.059114917414261,67.08333333333333,210798,2.0131815791893612,2.7361027832773517,42.38915646111664
296,TOMAS TATAR,N.J,4.6323137397412175,4.596932519925755,117.44999999999999,271451,2.3664438006340833,2.3483691034103473,50.19167989898635
297,TRENT FREDERIC,BOS,2.286380048142744,1.805805156473069,50.3,150567,2.727292303947607,2.154041936150778,55.871861458367114
298,TREVOR MOORE,L.A,5.384811543859538,4.645782078849149,102.18333333333332,181101,3.1618531329137722,2.7279098815620513,53.683877010714845
299,TY DELLANDREA,DAL,4.097061553853561,3.3556731468997865,101.60000000000001,241444,2.4195245396772997,1.9816967402951493,54.97393531852699
300,TYE KARTYE,SEA,2.8731382836122044,1.1977339296136034,52.75,150931,3.2680245879949243,1.3623513891339563,70.57795315406118
301,TYLER BERTUZZI,BOS,3.1201468050712684,5.256163391051811,98.88333333333333,210798,1.8932291417927805,3.1893120188414836,37.24965685386638
302,TYLER MOTTE,NYR,2.0992838804377225,3.2562581331585516,66.93333333333334,211008,1.881828179675249,2.918956493867227,39.198345846381336
303,TYLER SEGUIN,DAL,5.633217752561901,3.302506112609987,113.41666666666667,241444,2.980100500987927,1.747100955972954,63.04153796110552
304,VALERI NICHUSHKIN,COL,1.3533710225019595,0.7451451555825759,31.283333333333335,60303,2.5957036126835664,1.4291542674998792,64.49180790863748
305,VICTOR HEDMAN,T.B,6.257318854331967,3.2353265993297073,102.58333333333334,150619,3.6598453087888023,1.892311252248082,65.91754516564487
306,VIKTOR ARVIDSSON,L.A,6.0359411137178505,4.447384112281721,97.65,181101,3.7087195783212596,2.7326476880379236,57.57658933205833
307,VINCE DUNN,SEA,8.059169987449415,9.71304190217051,193.61666666666667,271541,2.4974616471393554,3.009981135216823,45.34702848189915
308,VINCENT DESHARNAIS,EDM,3.4431372277904275,2.8525868161814274,78.93333333333332,211342,2.6172495819352912,2.1683514650027744,54.6900913023217
309,VINCENT TROCHECK,NYR,4.706537916557861,5.967499318998303,103.05000000000001,211008,2.740342309495115,3.474526532167862,44.09332488442111
310,VLADIMIR TARASENKO,NYR,2.8968880623579003,4.897258546436203,88.18333333333334,211008,1.9710446086729239,3.3320980470932393,37.16748231409137
311,VLADISLAV GAVRIKOV,L.A,6.8617233302211345,4.766738855047148,117.51666666666665,181101,3.5033617910645423,2.4337342048177186,59.00800312971759
312,VLADISLAV NAMESTNIKOV,WPG,1.7368028135970215,2.6890873615629953,74.81666666666666,150865,1.3928469879592955,2.1565414349803484,39.241886826399345
313,WARREN FOEGELE,EDM,4.767289526294913,2.4950819503283115,80.98333333333333,211342,3.532052334772934,1.8485892202473597,65.64370249635803
314,WILL BORGEN,SEA,5.3178592933108995,8.043471464654427,151.08333333333334,271541,2.111891169985575,3.194318507750241,39.80037160700232
315,WILLIAM CARRIER,VGK,0.8373761749826365,0.9510031607933336,20.2,60416,2.4872559652949597,2.824761863742575,46.82318556422497
316,WILLIAM KARLSSON,VGK,3.920156738488001,3.114874254679305,84.8,181106,2.773695805533963,2.2039204632164893,55.72337552308453
317,WILLIAM NYLANDER,TOR,7.406408791430291,6.392892858711998,127.7,241164,3.4799101604214364,3.0037084692460443,53.67234501576333
318,WYATT JOHNSTON,DAL,6.863994905259457,4.652989866910498,129.2,241444,3.1876137330926273,2.1608312075435747,59.59888843341926
319,YANNI GOURDE,SEA,6.164652801468033,7.847894962644199,161.54999999999998,271541,2.289564643070764,2.9147242201092665,43.99380401939773
320,YEGOR SHARANGOVICH,N.J,2.170168299693614,0.8040239691035812,27.0,90510,4.822596221541364,1.7867199313412916,72.96664450584629
321,ZAC DALPE,FLA,1.8732021960895497,2.457910322817041,41.03333333333333,180885,2.739044640910796,3.5940199683758522,43.24990837602271
322,ZACH ASTON-REESE,TOR,1.528613127302377,2.2975399524439104,53.08333333333333,180826,1.727788778112577,2.596905440752929,39.951698101000694
323,ZACH BOGOSIAN,T.B,2.6236210525967154,2.149143563816322,60.28333333333333,150620,2.6112899611136786,2.1390425296485374,54.970677656600905
324,ZACH HYMAN,EDM,5.371387028368186,6.77590475894976,117.03333333333333,211342,2.753772899761531,3.47383325722289,44.21880302551091
325,ZACH PARISE,NYI,2.7277542367810357,2.708969476399941,65.25,180801,2.508279757959573,2.491006415080405,50.1727580926685
326,ZACH WHITECLOUD,VGK,3.331520767649633,3.192550506908443,101.91666666666667,181106,1.961320484634289,1.8795064308864093,51.065057805876
327,ZACK MACEWEN,L.A,0.1100181862711906,0.7143737580627201,6.666666666666667,30183,0.9901636764407153,6.42936382256448,13.345373766368219
